"","Topic","regione","n","region"
"1","Agricoltura Di Precisione","Abruzzo",1,"ABRUZZO"
"2","Analisi Delle Serie Storiche","Abruzzo",1,"ABRUZZO"
"3","Analytics","Abruzzo",1,"ABRUZZO"
"4","Artificial Intelligence","Abruzzo",0,"ABRUZZO"
"5","Big Data","Abruzzo",5,"ABRUZZO"
"6","Bioeconomia","Abruzzo",0,"ABRUZZO"
"7","Blockchain","Abruzzo",0,"ABRUZZO"
"8","Building Information Modeling","Abruzzo",0,"ABRUZZO"
"9","Business Analytics","Abruzzo",1,"ABRUZZO"
"10","Clinical Practice","Abruzzo",0,"ABRUZZO"
"11","Cloud","Abruzzo",0,"ABRUZZO"
"12","Cloud Computing","Abruzzo",1,"ABRUZZO"
"13","Competenze Digitali","Abruzzo",0,"ABRUZZO"
"14","Cybersecurity","Abruzzo",1,"ABRUZZO"
"15","Data Analytics","Abruzzo",1,"ABRUZZO"
"16","Data Management","Abruzzo",0,"ABRUZZO"
"17","Data Science","Abruzzo",2,"ABRUZZO"
"18","Deep Learning","Abruzzo",0,"ABRUZZO"
"19","Digital Humanities","Abruzzo",0,"ABRUZZO"
"20","Digital Marketing","Abruzzo",1,"ABRUZZO"
"21","Digital Transformation","Abruzzo",0,"ABRUZZO"
"22","Diritto Della Proprietà Intellettuale","Abruzzo",0,"ABRUZZO"
"23","Economia Circolare","Abruzzo",1,"ABRUZZO"
"24","Ethics","Abruzzo",0,"ABRUZZO"
"25","Fake News","Abruzzo",0,"ABRUZZO"
"26","Flipped Classroom","Abruzzo",0,"ABRUZZO"
"27","Genealogia","Abruzzo",0,"ABRUZZO"
"28","Giustizia Riparativa","Abruzzo",0,"ABRUZZO"
"29","Giustizia Sociale","Abruzzo",0,"ABRUZZO"
"30","Green","Abruzzo",0,"ABRUZZO"
"31","Green Economy","Abruzzo",1,"ABRUZZO"
"32","Industrial Engineering","Abruzzo",0,"ABRUZZO"
"33","Internet Delle Cose","Abruzzo",0,"ABRUZZO"
"34","Internet Of Things","Abruzzo",1,"ABRUZZO"
"35","Machine Learning","Abruzzo",4,"ABRUZZO"
"36","Malattie Rare","Abruzzo",0,"ABRUZZO"
"37","Marketing Digitale","Abruzzo",2,"ABRUZZO"
"38","Mobilità Elettrica","Abruzzo",2,"ABRUZZO"
"39","Motori Elettrici","Abruzzo",1,"ABRUZZO"
"40","Nutraceutica","Abruzzo",0,"ABRUZZO"
"41","Obiettivi Di Sviluppo Sostenibile","Abruzzo",0,"ABRUZZO"
"42","Posture","Abruzzo",0,"ABRUZZO"
"43","Priority","Abruzzo",0,"ABRUZZO"
"44","Python","Abruzzo",0,"ABRUZZO"
"45","Rilevamento Topografico","Abruzzo",1,"ABRUZZO"
"46","Scalabilità","Abruzzo",0,"ABRUZZO"
"47","Scienze Delle Produzioni","Abruzzo",0,"ABRUZZO"
"48","Scienze Gastronomiche","Abruzzo",0,"ABRUZZO"
"49","Service Design","Abruzzo",0,"ABRUZZO"
"50","Servizi E Applicazioni","Abruzzo",0,"ABRUZZO"
"51","Soft Skills","Abruzzo",3,"ABRUZZO"
"52","Sustainability","Abruzzo",0,"ABRUZZO"
"53","Sustainable Development Goals","Abruzzo",0,"ABRUZZO"
"54","Tecnologie Ingegneristiche","Abruzzo",0,"ABRUZZO"
"55","Text Mining","Abruzzo",0,"ABRUZZO"
"56","Things","Abruzzo",1,"ABRUZZO"
"57","Trasformazione Digitale","Abruzzo",0,"ABRUZZO"
"58","Agricoltura Di Precisione","Basilicata",0,"BASILICATA"
"59","Analisi Delle Serie Storiche","Basilicata",0,"BASILICATA"
"60","Analytics","Basilicata",0,"BASILICATA"
"61","Artificial Intelligence","Basilicata",0,"BASILICATA"
"62","Big Data","Basilicata",0,"BASILICATA"
"63","Bioeconomia","Basilicata",0,"BASILICATA"
"64","Blockchain","Basilicata",0,"BASILICATA"
"65","Building Information Modeling","Basilicata",0,"BASILICATA"
"66","Business Analytics","Basilicata",0,"BASILICATA"
"67","Clinical Practice","Basilicata",0,"BASILICATA"
"68","Cloud","Basilicata",0,"BASILICATA"
"69","Cloud Computing","Basilicata",0,"BASILICATA"
"70","Competenze Digitali","Basilicata",0,"BASILICATA"
"71","Cybersecurity","Basilicata",0,"BASILICATA"
"72","Data Analytics","Basilicata",0,"BASILICATA"
"73","Data Management","Basilicata",0,"BASILICATA"
"74","Data Science","Basilicata",0,"BASILICATA"
"75","Deep Learning","Basilicata",0,"BASILICATA"
"76","Digital Humanities","Basilicata",0,"BASILICATA"
"77","Digital Marketing","Basilicata",0,"BASILICATA"
"78","Digital Transformation","Basilicata",0,"BASILICATA"
"79","Diritto Della Proprietà Intellettuale","Basilicata",0,"BASILICATA"
"80","Economia Circolare","Basilicata",1,"BASILICATA"
"81","Ethics","Basilicata",0,"BASILICATA"
"82","Fake News","Basilicata",0,"BASILICATA"
"83","Flipped Classroom","Basilicata",0,"BASILICATA"
"84","Genealogia","Basilicata",0,"BASILICATA"
"85","Giustizia Riparativa","Basilicata",0,"BASILICATA"
"86","Giustizia Sociale","Basilicata",0,"BASILICATA"
"87","Green","Basilicata",0,"BASILICATA"
"88","Green Economy","Basilicata",0,"BASILICATA"
"89","Industrial Engineering","Basilicata",0,"BASILICATA"
"90","Internet Delle Cose","Basilicata",0,"BASILICATA"
"91","Internet Of Things","Basilicata",0,"BASILICATA"
"92","Machine Learning","Basilicata",0,"BASILICATA"
"93","Malattie Rare","Basilicata",1,"BASILICATA"
"94","Marketing Digitale","Basilicata",0,"BASILICATA"
"95","Mobilità Elettrica","Basilicata",0,"BASILICATA"
"96","Motori Elettrici","Basilicata",0,"BASILICATA"
"97","Nutraceutica","Basilicata",0,"BASILICATA"
"98","Obiettivi Di Sviluppo Sostenibile","Basilicata",0,"BASILICATA"
"99","Posture","Basilicata",0,"BASILICATA"
"100","Priority","Basilicata",0,"BASILICATA"
"101","Python","Basilicata",0,"BASILICATA"
"102","Rilevamento Topografico","Basilicata",0,"BASILICATA"
"103","Scalabilità","Basilicata",0,"BASILICATA"
"104","Scienze Delle Produzioni","Basilicata",0,"BASILICATA"
"105","Scienze Gastronomiche","Basilicata",0,"BASILICATA"
"106","Service Design","Basilicata",0,"BASILICATA"
"107","Servizi E Applicazioni","Basilicata",0,"BASILICATA"
"108","Soft Skills","Basilicata",0,"BASILICATA"
"109","Sustainability","Basilicata",0,"BASILICATA"
"110","Sustainable Development Goals","Basilicata",0,"BASILICATA"
"111","Tecnologie Ingegneristiche","Basilicata",0,"BASILICATA"
"112","Text Mining","Basilicata",0,"BASILICATA"
"113","Things","Basilicata",0,"BASILICATA"
"114","Trasformazione Digitale","Basilicata",0,"BASILICATA"
"115","Agricoltura Di Precisione","Calabria",0,"CALABRIA"
"116","Analisi Delle Serie Storiche","Calabria",1,"CALABRIA"
"117","Analytics","Calabria",1,"CALABRIA"
"118","Artificial Intelligence","Calabria",1,"CALABRIA"
"119","Big Data","Calabria",2,"CALABRIA"
"120","Bioeconomia","Calabria",0,"CALABRIA"
"121","Blockchain","Calabria",0,"CALABRIA"
"122","Building Information Modeling","Calabria",1,"CALABRIA"
"123","Business Analytics","Calabria",0,"CALABRIA"
"124","Clinical Practice","Calabria",0,"CALABRIA"
"125","Cloud","Calabria",1,"CALABRIA"
"126","Cloud Computing","Calabria",1,"CALABRIA"
"127","Competenze Digitali","Calabria",1,"CALABRIA"
"128","Cybersecurity","Calabria",3,"CALABRIA"
"129","Data Analytics","Calabria",2,"CALABRIA"
"130","Data Management","Calabria",1,"CALABRIA"
"131","Data Science","Calabria",3,"CALABRIA"
"132","Deep Learning","Calabria",1,"CALABRIA"
"133","Digital Humanities","Calabria",0,"CALABRIA"
"134","Digital Marketing","Calabria",0,"CALABRIA"
"135","Digital Transformation","Calabria",0,"CALABRIA"
"136","Diritto Della Proprietà Intellettuale","Calabria",0,"CALABRIA"
"137","Economia Circolare","Calabria",2,"CALABRIA"
"138","Ethics","Calabria",0,"CALABRIA"
"139","Fake News","Calabria",0,"CALABRIA"
"140","Flipped Classroom","Calabria",1,"CALABRIA"
"141","Genealogia","Calabria",0,"CALABRIA"
"142","Giustizia Riparativa","Calabria",0,"CALABRIA"
"143","Giustizia Sociale","Calabria",0,"CALABRIA"
"144","Green","Calabria",0,"CALABRIA"
"145","Green Economy","Calabria",0,"CALABRIA"
"146","Industrial Engineering","Calabria",0,"CALABRIA"
"147","Internet Delle Cose","Calabria",0,"CALABRIA"
"148","Internet Of Things","Calabria",2,"CALABRIA"
"149","Machine Learning","Calabria",3,"CALABRIA"
"150","Malattie Rare","Calabria",0,"CALABRIA"
"151","Marketing Digitale","Calabria",0,"CALABRIA"
"152","Mobilità Elettrica","Calabria",0,"CALABRIA"
"153","Motori Elettrici","Calabria",0,"CALABRIA"
"154","Nutraceutica","Calabria",2,"CALABRIA"
"155","Obiettivi Di Sviluppo Sostenibile","Calabria",0,"CALABRIA"
"156","Posture","Calabria",0,"CALABRIA"
"157","Priority","Calabria",0,"CALABRIA"
"158","Python","Calabria",0,"CALABRIA"
"159","Rilevamento Topografico","Calabria",0,"CALABRIA"
"160","Scalabilità","Calabria",0,"CALABRIA"
"161","Scienze Delle Produzioni","Calabria",0,"CALABRIA"
"162","Scienze Gastronomiche","Calabria",0,"CALABRIA"
"163","Service Design","Calabria",0,"CALABRIA"
"164","Servizi E Applicazioni","Calabria",0,"CALABRIA"
"165","Soft Skills","Calabria",1,"CALABRIA"
"166","Sustainability","Calabria",0,"CALABRIA"
"167","Sustainable Development Goals","Calabria",0,"CALABRIA"
"168","Tecnologie Ingegneristiche","Calabria",0,"CALABRIA"
"169","Text Mining","Calabria",1,"CALABRIA"
"170","Things","Calabria",1,"CALABRIA"
"171","Trasformazione Digitale","Calabria",0,"CALABRIA"
"172","Agricoltura Di Precisione","Campania",0,"CAMPANIA"
"173","Analisi Delle Serie Storiche","Campania",0,"CAMPANIA"
"174","Analytics","Campania",2,"CAMPANIA"
"175","Artificial Intelligence","Campania",0,"CAMPANIA"
"176","Big Data","Campania",6,"CAMPANIA"
"177","Bioeconomia","Campania",1,"CAMPANIA"
"178","Blockchain","Campania",1,"CAMPANIA"
"179","Building Information Modeling","Campania",1,"CAMPANIA"
"180","Business Analytics","Campania",1,"CAMPANIA"
"181","Clinical Practice","Campania",0,"CAMPANIA"
"182","Cloud","Campania",2,"CAMPANIA"
"183","Cloud Computing","Campania",2,"CAMPANIA"
"184","Competenze Digitali","Campania",2,"CAMPANIA"
"185","Cybersecurity","Campania",1,"CAMPANIA"
"186","Data Analytics","Campania",3,"CAMPANIA"
"187","Data Management","Campania",1,"CAMPANIA"
"188","Data Science","Campania",5,"CAMPANIA"
"189","Deep Learning","Campania",3,"CAMPANIA"
"190","Digital Humanities","Campania",2,"CAMPANIA"
"191","Digital Marketing","Campania",3,"CAMPANIA"
"192","Digital Transformation","Campania",1,"CAMPANIA"
"193","Diritto Della Proprietà Intellettuale","Campania",0,"CAMPANIA"
"194","Economia Circolare","Campania",5,"CAMPANIA"
"195","Ethics","Campania",0,"CAMPANIA"
"196","Fake News","Campania",0,"CAMPANIA"
"197","Flipped Classroom","Campania",0,"CAMPANIA"
"198","Genealogia","Campania",0,"CAMPANIA"
"199","Giustizia Riparativa","Campania",0,"CAMPANIA"
"200","Giustizia Sociale","Campania",0,"CAMPANIA"
"201","Green","Campania",2,"CAMPANIA"
"202","Green Economy","Campania",2,"CAMPANIA"
"203","Industrial Engineering","Campania",0,"CAMPANIA"
"204","Internet Delle Cose","Campania",1,"CAMPANIA"
"205","Internet Of Things","Campania",1,"CAMPANIA"
"206","Machine Learning","Campania",6,"CAMPANIA"
"207","Malattie Rare","Campania",1,"CAMPANIA"
"208","Marketing Digitale","Campania",1,"CAMPANIA"
"209","Mobilità Elettrica","Campania",0,"CAMPANIA"
"210","Motori Elettrici","Campania",0,"CAMPANIA"
"211","Nutraceutica","Campania",0,"CAMPANIA"
"212","Obiettivi Di Sviluppo Sostenibile","Campania",0,"CAMPANIA"
"213","Posture","Campania",0,"CAMPANIA"
"214","Priority","Campania",0,"CAMPANIA"
"215","Python","Campania",1,"CAMPANIA"
"216","Rilevamento Topografico","Campania",0,"CAMPANIA"
"217","Scalabilità","Campania",0,"CAMPANIA"
"218","Scienze Delle Produzioni","Campania",0,"CAMPANIA"
"219","Scienze Gastronomiche","Campania",0,"CAMPANIA"
"220","Service Design","Campania",0,"CAMPANIA"
"221","Servizi E Applicazioni","Campania",0,"CAMPANIA"
"222","Soft Skills","Campania",1,"CAMPANIA"
"223","Sustainability","Campania",3,"CAMPANIA"
"224","Sustainable Development Goals","Campania",0,"CAMPANIA"
"225","Tecnologie Ingegneristiche","Campania",1,"CAMPANIA"
"226","Text Mining","Campania",0,"CAMPANIA"
"227","Things","Campania",0,"CAMPANIA"
"228","Trasformazione Digitale","Campania",2,"CAMPANIA"
"229","Agricoltura Di Precisione","Emilia-Romagna",3,"EMILIA-ROMAGNA"
"230","Analisi Delle Serie Storiche","Emilia-Romagna",0,"EMILIA-ROMAGNA"
"231","Analytics","Emilia-Romagna",1,"EMILIA-ROMAGNA"
"232","Artificial Intelligence","Emilia-Romagna",1,"EMILIA-ROMAGNA"
"233","Big Data","Emilia-Romagna",11,"EMILIA-ROMAGNA"
"234","Bioeconomia","Emilia-Romagna",2,"EMILIA-ROMAGNA"
"235","Blockchain","Emilia-Romagna",0,"EMILIA-ROMAGNA"
"236","Building Information Modeling","Emilia-Romagna",1,"EMILIA-ROMAGNA"
"237","Business Analytics","Emilia-Romagna",0,"EMILIA-ROMAGNA"
"238","Clinical Practice","Emilia-Romagna",0,"EMILIA-ROMAGNA"
"239","Cloud","Emilia-Romagna",3,"EMILIA-ROMAGNA"
"240","Cloud Computing","Emilia-Romagna",3,"EMILIA-ROMAGNA"
"241","Competenze Digitali","Emilia-Romagna",2,"EMILIA-ROMAGNA"
"242","Cybersecurity","Emilia-Romagna",2,"EMILIA-ROMAGNA"
"243","Data Analytics","Emilia-Romagna",0,"EMILIA-ROMAGNA"
"244","Data Management","Emilia-Romagna",0,"EMILIA-ROMAGNA"
"245","Data Science","Emilia-Romagna",6,"EMILIA-ROMAGNA"
"246","Deep Learning","Emilia-Romagna",1,"EMILIA-ROMAGNA"
"247","Digital Humanities","Emilia-Romagna",3,"EMILIA-ROMAGNA"
"248","Digital Marketing","Emilia-Romagna",0,"EMILIA-ROMAGNA"
"249","Digital Transformation","Emilia-Romagna",2,"EMILIA-ROMAGNA"
"250","Diritto Della Proprietà Intellettuale","Emilia-Romagna",0,"EMILIA-ROMAGNA"
"251","Economia Circolare","Emilia-Romagna",8,"EMILIA-ROMAGNA"
"252","Ethics","Emilia-Romagna",0,"EMILIA-ROMAGNA"
"253","Fake News","Emilia-Romagna",0,"EMILIA-ROMAGNA"
"254","Flipped Classroom","Emilia-Romagna",0,"EMILIA-ROMAGNA"
"255","Genealogia","Emilia-Romagna",0,"EMILIA-ROMAGNA"
"256","Giustizia Riparativa","Emilia-Romagna",0,"EMILIA-ROMAGNA"
"257","Giustizia Sociale","Emilia-Romagna",1,"EMILIA-ROMAGNA"
"258","Green","Emilia-Romagna",4,"EMILIA-ROMAGNA"
"259","Green Economy","Emilia-Romagna",0,"EMILIA-ROMAGNA"
"260","Industrial Engineering","Emilia-Romagna",0,"EMILIA-ROMAGNA"
"261","Internet Delle Cose","Emilia-Romagna",0,"EMILIA-ROMAGNA"
"262","Internet Of Things","Emilia-Romagna",2,"EMILIA-ROMAGNA"
"263","Machine Learning","Emilia-Romagna",5,"EMILIA-ROMAGNA"
"264","Malattie Rare","Emilia-Romagna",1,"EMILIA-ROMAGNA"
"265","Marketing Digitale","Emilia-Romagna",1,"EMILIA-ROMAGNA"
"266","Mobilità Elettrica","Emilia-Romagna",0,"EMILIA-ROMAGNA"
"267","Motori Elettrici","Emilia-Romagna",1,"EMILIA-ROMAGNA"
"268","Nutraceutica","Emilia-Romagna",0,"EMILIA-ROMAGNA"
"269","Obiettivi Di Sviluppo Sostenibile","Emilia-Romagna",0,"EMILIA-ROMAGNA"
"270","Posture","Emilia-Romagna",0,"EMILIA-ROMAGNA"
"271","Priority","Emilia-Romagna",0,"EMILIA-ROMAGNA"
"272","Python","Emilia-Romagna",2,"EMILIA-ROMAGNA"
"273","Rilevamento Topografico","Emilia-Romagna",0,"EMILIA-ROMAGNA"
"274","Scalabilità","Emilia-Romagna",0,"EMILIA-ROMAGNA"
"275","Scienze Delle Produzioni","Emilia-Romagna",0,"EMILIA-ROMAGNA"
"276","Scienze Gastronomiche","Emilia-Romagna",1,"EMILIA-ROMAGNA"
"277","Service Design","Emilia-Romagna",0,"EMILIA-ROMAGNA"
"278","Servizi E Applicazioni","Emilia-Romagna",0,"EMILIA-ROMAGNA"
"279","Soft Skills","Emilia-Romagna",7,"EMILIA-ROMAGNA"
"280","Sustainability","Emilia-Romagna",0,"EMILIA-ROMAGNA"
"281","Sustainable Development Goals","Emilia-Romagna",0,"EMILIA-ROMAGNA"
"282","Tecnologie Ingegneristiche","Emilia-Romagna",1,"EMILIA-ROMAGNA"
"283","Text Mining","Emilia-Romagna",1,"EMILIA-ROMAGNA"
"284","Things","Emilia-Romagna",0,"EMILIA-ROMAGNA"
"285","Trasformazione Digitale","Emilia-Romagna",5,"EMILIA-ROMAGNA"
"286","Agricoltura Di Precisione","Friuli-Venezia Giulia",0,"FRIULI-VENEZIA GIULIA"
"287","Analisi Delle Serie Storiche","Friuli-Venezia Giulia",0,"FRIULI-VENEZIA GIULIA"
"288","Analytics","Friuli-Venezia Giulia",1,"FRIULI-VENEZIA GIULIA"
"289","Artificial Intelligence","Friuli-Venezia Giulia",1,"FRIULI-VENEZIA GIULIA"
"290","Big Data","Friuli-Venezia Giulia",3,"FRIULI-VENEZIA GIULIA"
"291","Bioeconomia","Friuli-Venezia Giulia",0,"FRIULI-VENEZIA GIULIA"
"292","Blockchain","Friuli-Venezia Giulia",0,"FRIULI-VENEZIA GIULIA"
"293","Building Information Modeling","Friuli-Venezia Giulia",0,"FRIULI-VENEZIA GIULIA"
"294","Business Analytics","Friuli-Venezia Giulia",0,"FRIULI-VENEZIA GIULIA"
"295","Clinical Practice","Friuli-Venezia Giulia",0,"FRIULI-VENEZIA GIULIA"
"296","Cloud","Friuli-Venezia Giulia",1,"FRIULI-VENEZIA GIULIA"
"297","Cloud Computing","Friuli-Venezia Giulia",0,"FRIULI-VENEZIA GIULIA"
"298","Competenze Digitali","Friuli-Venezia Giulia",0,"FRIULI-VENEZIA GIULIA"
"299","Cybersecurity","Friuli-Venezia Giulia",1,"FRIULI-VENEZIA GIULIA"
"300","Data Analytics","Friuli-Venezia Giulia",2,"FRIULI-VENEZIA GIULIA"
"301","Data Management","Friuli-Venezia Giulia",0,"FRIULI-VENEZIA GIULIA"
"302","Data Science","Friuli-Venezia Giulia",1,"FRIULI-VENEZIA GIULIA"
"303","Deep Learning","Friuli-Venezia Giulia",1,"FRIULI-VENEZIA GIULIA"
"304","Digital Humanities","Friuli-Venezia Giulia",0,"FRIULI-VENEZIA GIULIA"
"305","Digital Marketing","Friuli-Venezia Giulia",0,"FRIULI-VENEZIA GIULIA"
"306","Digital Transformation","Friuli-Venezia Giulia",0,"FRIULI-VENEZIA GIULIA"
"307","Diritto Della Proprietà Intellettuale","Friuli-Venezia Giulia",0,"FRIULI-VENEZIA GIULIA"
"308","Economia Circolare","Friuli-Venezia Giulia",0,"FRIULI-VENEZIA GIULIA"
"309","Ethics","Friuli-Venezia Giulia",0,"FRIULI-VENEZIA GIULIA"
"310","Fake News","Friuli-Venezia Giulia",0,"FRIULI-VENEZIA GIULIA"
"311","Flipped Classroom","Friuli-Venezia Giulia",0,"FRIULI-VENEZIA GIULIA"
"312","Genealogia","Friuli-Venezia Giulia",0,"FRIULI-VENEZIA GIULIA"
"313","Giustizia Riparativa","Friuli-Venezia Giulia",0,"FRIULI-VENEZIA GIULIA"
"314","Giustizia Sociale","Friuli-Venezia Giulia",0,"FRIULI-VENEZIA GIULIA"
"315","Green","Friuli-Venezia Giulia",0,"FRIULI-VENEZIA GIULIA"
"316","Green Economy","Friuli-Venezia Giulia",0,"FRIULI-VENEZIA GIULIA"
"317","Industrial Engineering","Friuli-Venezia Giulia",0,"FRIULI-VENEZIA GIULIA"
"318","Internet Delle Cose","Friuli-Venezia Giulia",0,"FRIULI-VENEZIA GIULIA"
"319","Internet Of Things","Friuli-Venezia Giulia",3,"FRIULI-VENEZIA GIULIA"
"320","Machine Learning","Friuli-Venezia Giulia",4,"FRIULI-VENEZIA GIULIA"
"321","Malattie Rare","Friuli-Venezia Giulia",0,"FRIULI-VENEZIA GIULIA"
"322","Marketing Digitale","Friuli-Venezia Giulia",0,"FRIULI-VENEZIA GIULIA"
"323","Mobilità Elettrica","Friuli-Venezia Giulia",0,"FRIULI-VENEZIA GIULIA"
"324","Motori Elettrici","Friuli-Venezia Giulia",0,"FRIULI-VENEZIA GIULIA"
"325","Nutraceutica","Friuli-Venezia Giulia",1,"FRIULI-VENEZIA GIULIA"
"326","Obiettivi Di Sviluppo Sostenibile","Friuli-Venezia Giulia",0,"FRIULI-VENEZIA GIULIA"
"327","Posture","Friuli-Venezia Giulia",0,"FRIULI-VENEZIA GIULIA"
"328","Priority","Friuli-Venezia Giulia",0,"FRIULI-VENEZIA GIULIA"
"329","Python","Friuli-Venezia Giulia",0,"FRIULI-VENEZIA GIULIA"
"330","Rilevamento Topografico","Friuli-Venezia Giulia",0,"FRIULI-VENEZIA GIULIA"
"331","Scalabilità","Friuli-Venezia Giulia",0,"FRIULI-VENEZIA GIULIA"
"332","Scienze Delle Produzioni","Friuli-Venezia Giulia",0,"FRIULI-VENEZIA GIULIA"
"333","Scienze Gastronomiche","Friuli-Venezia Giulia",1,"FRIULI-VENEZIA GIULIA"
"334","Service Design","Friuli-Venezia Giulia",0,"FRIULI-VENEZIA GIULIA"
"335","Servizi E Applicazioni","Friuli-Venezia Giulia",0,"FRIULI-VENEZIA GIULIA"
"336","Soft Skills","Friuli-Venezia Giulia",0,"FRIULI-VENEZIA GIULIA"
"337","Sustainability","Friuli-Venezia Giulia",0,"FRIULI-VENEZIA GIULIA"
"338","Sustainable Development Goals","Friuli-Venezia Giulia",1,"FRIULI-VENEZIA GIULIA"
"339","Tecnologie Ingegneristiche","Friuli-Venezia Giulia",0,"FRIULI-VENEZIA GIULIA"
"340","Text Mining","Friuli-Venezia Giulia",0,"FRIULI-VENEZIA GIULIA"
"341","Things","Friuli-Venezia Giulia",1,"FRIULI-VENEZIA GIULIA"
"342","Trasformazione Digitale","Friuli-Venezia Giulia",1,"FRIULI-VENEZIA GIULIA"
"343","Agricoltura Di Precisione","Lazio",1,"LAZIO"
"344","Analisi Delle Serie Storiche","Lazio",0,"LAZIO"
"345","Analytics","Lazio",1,"LAZIO"
"346","Artificial Intelligence","Lazio",1,"LAZIO"
"347","Big Data","Lazio",12,"LAZIO"
"348","Bioeconomia","Lazio",0,"LAZIO"
"349","Blockchain","Lazio",2,"LAZIO"
"350","Building Information Modeling","Lazio",0,"LAZIO"
"351","Business Analytics","Lazio",0,"LAZIO"
"352","Clinical Practice","Lazio",0,"LAZIO"
"353","Cloud","Lazio",0,"LAZIO"
"354","Cloud Computing","Lazio",2,"LAZIO"
"355","Competenze Digitali","Lazio",5,"LAZIO"
"356","Cybersecurity","Lazio",4,"LAZIO"
"357","Data Analytics","Lazio",1,"LAZIO"
"358","Data Management","Lazio",1,"LAZIO"
"359","Data Science","Lazio",6,"LAZIO"
"360","Deep Learning","Lazio",0,"LAZIO"
"361","Digital Humanities","Lazio",0,"LAZIO"
"362","Digital Marketing","Lazio",1,"LAZIO"
"363","Digital Transformation","Lazio",1,"LAZIO"
"364","Diritto Della Proprietà Intellettuale","Lazio",1,"LAZIO"
"365","Economia Circolare","Lazio",7,"LAZIO"
"366","Ethics","Lazio",1,"LAZIO"
"367","Fake News","Lazio",0,"LAZIO"
"368","Flipped Classroom","Lazio",1,"LAZIO"
"369","Genealogia","Lazio",0,"LAZIO"
"370","Giustizia Riparativa","Lazio",1,"LAZIO"
"371","Giustizia Sociale","Lazio",1,"LAZIO"
"372","Green","Lazio",4,"LAZIO"
"373","Green Economy","Lazio",2,"LAZIO"
"374","Industrial Engineering","Lazio",0,"LAZIO"
"375","Internet Delle Cose","Lazio",1,"LAZIO"
"376","Internet Of Things","Lazio",3,"LAZIO"
"377","Machine Learning","Lazio",8,"LAZIO"
"378","Malattie Rare","Lazio",0,"LAZIO"
"379","Marketing Digitale","Lazio",1,"LAZIO"
"380","Mobilità Elettrica","Lazio",2,"LAZIO"
"381","Motori Elettrici","Lazio",0,"LAZIO"
"382","Nutraceutica","Lazio",2,"LAZIO"
"383","Obiettivi Di Sviluppo Sostenibile","Lazio",0,"LAZIO"
"384","Posture","Lazio",1,"LAZIO"
"385","Priority","Lazio",0,"LAZIO"
"386","Python","Lazio",0,"LAZIO"
"387","Rilevamento Topografico","Lazio",1,"LAZIO"
"388","Scalabilità","Lazio",0,"LAZIO"
"389","Scienze Delle Produzioni","Lazio",0,"LAZIO"
"390","Scienze Gastronomiche","Lazio",2,"LAZIO"
"391","Service Design","Lazio",2,"LAZIO"
"392","Servizi E Applicazioni","Lazio",1,"LAZIO"
"393","Soft Skills","Lazio",14,"LAZIO"
"394","Sustainability","Lazio",2,"LAZIO"
"395","Sustainable Development Goals","Lazio",1,"LAZIO"
"396","Tecnologie Ingegneristiche","Lazio",1,"LAZIO"
"397","Text Mining","Lazio",0,"LAZIO"
"398","Things","Lazio",1,"LAZIO"
"399","Trasformazione Digitale","Lazio",5,"LAZIO"
"400","Agricoltura Di Precisione","Liguria",0,"LIGURIA"
"401","Analisi Delle Serie Storiche","Liguria",0,"LIGURIA"
"402","Analytics","Liguria",0,"LIGURIA"
"403","Artificial Intelligence","Liguria",1,"LIGURIA"
"404","Big Data","Liguria",0,"LIGURIA"
"405","Bioeconomia","Liguria",0,"LIGURIA"
"406","Blockchain","Liguria",0,"LIGURIA"
"407","Building Information Modeling","Liguria",0,"LIGURIA"
"408","Business Analytics","Liguria",0,"LIGURIA"
"409","Clinical Practice","Liguria",0,"LIGURIA"
"410","Cloud","Liguria",0,"LIGURIA"
"411","Cloud Computing","Liguria",0,"LIGURIA"
"412","Competenze Digitali","Liguria",0,"LIGURIA"
"413","Cybersecurity","Liguria",0,"LIGURIA"
"414","Data Analytics","Liguria",0,"LIGURIA"
"415","Data Management","Liguria",0,"LIGURIA"
"416","Data Science","Liguria",1,"LIGURIA"
"417","Deep Learning","Liguria",0,"LIGURIA"
"418","Digital Humanities","Liguria",1,"LIGURIA"
"419","Digital Marketing","Liguria",1,"LIGURIA"
"420","Digital Transformation","Liguria",0,"LIGURIA"
"421","Diritto Della Proprietà Intellettuale","Liguria",0,"LIGURIA"
"422","Economia Circolare","Liguria",2,"LIGURIA"
"423","Ethics","Liguria",0,"LIGURIA"
"424","Fake News","Liguria",0,"LIGURIA"
"425","Flipped Classroom","Liguria",0,"LIGURIA"
"426","Genealogia","Liguria",0,"LIGURIA"
"427","Giustizia Riparativa","Liguria",0,"LIGURIA"
"428","Giustizia Sociale","Liguria",0,"LIGURIA"
"429","Green","Liguria",1,"LIGURIA"
"430","Green Economy","Liguria",1,"LIGURIA"
"431","Industrial Engineering","Liguria",0,"LIGURIA"
"432","Internet Delle Cose","Liguria",0,"LIGURIA"
"433","Internet Of Things","Liguria",1,"LIGURIA"
"434","Machine Learning","Liguria",0,"LIGURIA"
"435","Malattie Rare","Liguria",0,"LIGURIA"
"436","Marketing Digitale","Liguria",0,"LIGURIA"
"437","Mobilità Elettrica","Liguria",0,"LIGURIA"
"438","Motori Elettrici","Liguria",0,"LIGURIA"
"439","Nutraceutica","Liguria",0,"LIGURIA"
"440","Obiettivi Di Sviluppo Sostenibile","Liguria",1,"LIGURIA"
"441","Posture","Liguria",0,"LIGURIA"
"442","Priority","Liguria",0,"LIGURIA"
"443","Python","Liguria",1,"LIGURIA"
"444","Rilevamento Topografico","Liguria",0,"LIGURIA"
"445","Scalabilità","Liguria",0,"LIGURIA"
"446","Scienze Delle Produzioni","Liguria",0,"LIGURIA"
"447","Scienze Gastronomiche","Liguria",0,"LIGURIA"
"448","Service Design","Liguria",0,"LIGURIA"
"449","Servizi E Applicazioni","Liguria",0,"LIGURIA"
"450","Soft Skills","Liguria",1,"LIGURIA"
"451","Sustainability","Liguria",0,"LIGURIA"
"452","Sustainable Development Goals","Liguria",0,"LIGURIA"
"453","Tecnologie Ingegneristiche","Liguria",1,"LIGURIA"
"454","Text Mining","Liguria",0,"LIGURIA"
"455","Things","Liguria",0,"LIGURIA"
"456","Trasformazione Digitale","Liguria",0,"LIGURIA"
"457","Agricoltura Di Precisione","Lombardia",4,"LOMBARDIA"
"458","Analisi Delle Serie Storiche","Lombardia",1,"LOMBARDIA"
"459","Analytics","Lombardia",4,"LOMBARDIA"
"460","Artificial Intelligence","Lombardia",4,"LOMBARDIA"
"461","Big Data","Lombardia",18,"LOMBARDIA"
"462","Bioeconomia","Lombardia",4,"LOMBARDIA"
"463","Blockchain","Lombardia",2,"LOMBARDIA"
"464","Building Information Modeling","Lombardia",0,"LOMBARDIA"
"465","Business Analytics","Lombardia",2,"LOMBARDIA"
"466","Clinical Practice","Lombardia",1,"LOMBARDIA"
"467","Cloud","Lombardia",3,"LOMBARDIA"
"468","Cloud Computing","Lombardia",2,"LOMBARDIA"
"469","Competenze Digitali","Lombardia",3,"LOMBARDIA"
"470","Cybersecurity","Lombardia",3,"LOMBARDIA"
"471","Data Analytics","Lombardia",1,"LOMBARDIA"
"472","Data Management","Lombardia",1,"LOMBARDIA"
"473","Data Science","Lombardia",8,"LOMBARDIA"
"474","Deep Learning","Lombardia",3,"LOMBARDIA"
"475","Digital Humanities","Lombardia",4,"LOMBARDIA"
"476","Digital Marketing","Lombardia",5,"LOMBARDIA"
"477","Digital Transformation","Lombardia",1,"LOMBARDIA"
"478","Diritto Della Proprietà Intellettuale","Lombardia",1,"LOMBARDIA"
"479","Economia Circolare","Lombardia",7,"LOMBARDIA"
"480","Ethics","Lombardia",0,"LOMBARDIA"
"481","Fake News","Lombardia",1,"LOMBARDIA"
"482","Flipped Classroom","Lombardia",0,"LOMBARDIA"
"483","Genealogia","Lombardia",0,"LOMBARDIA"
"484","Giustizia Riparativa","Lombardia",2,"LOMBARDIA"
"485","Giustizia Sociale","Lombardia",0,"LOMBARDIA"
"486","Green","Lombardia",4,"LOMBARDIA"
"487","Green Economy","Lombardia",1,"LOMBARDIA"
"488","Industrial Engineering","Lombardia",4,"LOMBARDIA"
"489","Internet Delle Cose","Lombardia",3,"LOMBARDIA"
"490","Internet Of Things","Lombardia",4,"LOMBARDIA"
"491","Machine Learning","Lombardia",15,"LOMBARDIA"
"492","Malattie Rare","Lombardia",0,"LOMBARDIA"
"493","Marketing Digitale","Lombardia",1,"LOMBARDIA"
"494","Mobilità Elettrica","Lombardia",1,"LOMBARDIA"
"495","Motori Elettrici","Lombardia",0,"LOMBARDIA"
"496","Nutraceutica","Lombardia",2,"LOMBARDIA"
"497","Obiettivi Di Sviluppo Sostenibile","Lombardia",3,"LOMBARDIA"
"498","Posture","Lombardia",1,"LOMBARDIA"
"499","Priority","Lombardia",2,"LOMBARDIA"
"500","Python","Lombardia",1,"LOMBARDIA"
"501","Rilevamento Topografico","Lombardia",1,"LOMBARDIA"
"502","Scalabilità","Lombardia",1,"LOMBARDIA"
"503","Scienze Delle Produzioni","Lombardia",0,"LOMBARDIA"
"504","Scienze Gastronomiche","Lombardia",0,"LOMBARDIA"
"505","Service Design","Lombardia",0,"LOMBARDIA"
"506","Servizi E Applicazioni","Lombardia",0,"LOMBARDIA"
"507","Soft Skills","Lombardia",18,"LOMBARDIA"
"508","Sustainability","Lombardia",10,"LOMBARDIA"
"509","Sustainable Development Goals","Lombardia",1,"LOMBARDIA"
"510","Tecnologie Ingegneristiche","Lombardia",0,"LOMBARDIA"
"511","Text Mining","Lombardia",0,"LOMBARDIA"
"512","Things","Lombardia",1,"LOMBARDIA"
"513","Trasformazione Digitale","Lombardia",4,"LOMBARDIA"
"514","Agricoltura Di Precisione","Marche",1,"MARCHE"
"515","Analisi Delle Serie Storiche","Marche",1,"MARCHE"
"516","Analytics","Marche",1,"MARCHE"
"517","Artificial Intelligence","Marche",1,"MARCHE"
"518","Big Data","Marche",7,"MARCHE"
"519","Bioeconomia","Marche",0,"MARCHE"
"520","Blockchain","Marche",3,"MARCHE"
"521","Building Information Modeling","Marche",0,"MARCHE"
"522","Business Analytics","Marche",0,"MARCHE"
"523","Clinical Practice","Marche",2,"MARCHE"
"524","Cloud","Marche",3,"MARCHE"
"525","Cloud Computing","Marche",1,"MARCHE"
"526","Competenze Digitali","Marche",2,"MARCHE"
"527","Cybersecurity","Marche",2,"MARCHE"
"528","Data Analytics","Marche",2,"MARCHE"
"529","Data Management","Marche",1,"MARCHE"
"530","Data Science","Marche",2,"MARCHE"
"531","Deep Learning","Marche",0,"MARCHE"
"532","Digital Humanities","Marche",2,"MARCHE"
"533","Digital Marketing","Marche",0,"MARCHE"
"534","Digital Transformation","Marche",1,"MARCHE"
"535","Diritto Della Proprietà Intellettuale","Marche",0,"MARCHE"
"536","Economia Circolare","Marche",5,"MARCHE"
"537","Ethics","Marche",0,"MARCHE"
"538","Fake News","Marche",0,"MARCHE"
"539","Flipped Classroom","Marche",0,"MARCHE"
"540","Genealogia","Marche",0,"MARCHE"
"541","Giustizia Riparativa","Marche",0,"MARCHE"
"542","Giustizia Sociale","Marche",0,"MARCHE"
"543","Green","Marche",1,"MARCHE"
"544","Green Economy","Marche",2,"MARCHE"
"545","Industrial Engineering","Marche",2,"MARCHE"
"546","Internet Delle Cose","Marche",1,"MARCHE"
"547","Internet Of Things","Marche",2,"MARCHE"
"548","Machine Learning","Marche",4,"MARCHE"
"549","Malattie Rare","Marche",0,"MARCHE"
"550","Marketing Digitale","Marche",0,"MARCHE"
"551","Mobilità Elettrica","Marche",0,"MARCHE"
"552","Motori Elettrici","Marche",0,"MARCHE"
"553","Nutraceutica","Marche",0,"MARCHE"
"554","Obiettivi Di Sviluppo Sostenibile","Marche",0,"MARCHE"
"555","Posture","Marche",0,"MARCHE"
"556","Priority","Marche",0,"MARCHE"
"557","Python","Marche",0,"MARCHE"
"558","Rilevamento Topografico","Marche",0,"MARCHE"
"559","Scalabilità","Marche",1,"MARCHE"
"560","Scienze Delle Produzioni","Marche",1,"MARCHE"
"561","Scienze Gastronomiche","Marche",1,"MARCHE"
"562","Service Design","Marche",0,"MARCHE"
"563","Servizi E Applicazioni","Marche",0,"MARCHE"
"564","Soft Skills","Marche",4,"MARCHE"
"565","Sustainability","Marche",1,"MARCHE"
"566","Sustainable Development Goals","Marche",0,"MARCHE"
"567","Tecnologie Ingegneristiche","Marche",0,"MARCHE"
"568","Text Mining","Marche",0,"MARCHE"
"569","Things","Marche",0,"MARCHE"
"570","Trasformazione Digitale","Marche",3,"MARCHE"
"571","Agricoltura Di Precisione","Molise",0,"MOLISE"
"572","Analisi Delle Serie Storiche","Molise",0,"MOLISE"
"573","Analytics","Molise",0,"MOLISE"
"574","Artificial Intelligence","Molise",0,"MOLISE"
"575","Big Data","Molise",0,"MOLISE"
"576","Bioeconomia","Molise",0,"MOLISE"
"577","Blockchain","Molise",0,"MOLISE"
"578","Building Information Modeling","Molise",0,"MOLISE"
"579","Business Analytics","Molise",0,"MOLISE"
"580","Clinical Practice","Molise",0,"MOLISE"
"581","Cloud","Molise",0,"MOLISE"
"582","Cloud Computing","Molise",0,"MOLISE"
"583","Competenze Digitali","Molise",1,"MOLISE"
"584","Cybersecurity","Molise",0,"MOLISE"
"585","Data Analytics","Molise",0,"MOLISE"
"586","Data Management","Molise",0,"MOLISE"
"587","Data Science","Molise",0,"MOLISE"
"588","Deep Learning","Molise",0,"MOLISE"
"589","Digital Humanities","Molise",0,"MOLISE"
"590","Digital Marketing","Molise",0,"MOLISE"
"591","Digital Transformation","Molise",0,"MOLISE"
"592","Diritto Della Proprietà Intellettuale","Molise",0,"MOLISE"
"593","Economia Circolare","Molise",0,"MOLISE"
"594","Ethics","Molise",0,"MOLISE"
"595","Fake News","Molise",1,"MOLISE"
"596","Flipped Classroom","Molise",0,"MOLISE"
"597","Genealogia","Molise",0,"MOLISE"
"598","Giustizia Riparativa","Molise",0,"MOLISE"
"599","Giustizia Sociale","Molise",0,"MOLISE"
"600","Green","Molise",0,"MOLISE"
"601","Green Economy","Molise",1,"MOLISE"
"602","Industrial Engineering","Molise",0,"MOLISE"
"603","Internet Delle Cose","Molise",0,"MOLISE"
"604","Internet Of Things","Molise",0,"MOLISE"
"605","Machine Learning","Molise",0,"MOLISE"
"606","Malattie Rare","Molise",0,"MOLISE"
"607","Marketing Digitale","Molise",0,"MOLISE"
"608","Mobilità Elettrica","Molise",0,"MOLISE"
"609","Motori Elettrici","Molise",0,"MOLISE"
"610","Nutraceutica","Molise",0,"MOLISE"
"611","Obiettivi Di Sviluppo Sostenibile","Molise",0,"MOLISE"
"612","Posture","Molise",0,"MOLISE"
"613","Priority","Molise",0,"MOLISE"
"614","Python","Molise",0,"MOLISE"
"615","Rilevamento Topografico","Molise",0,"MOLISE"
"616","Scalabilità","Molise",0,"MOLISE"
"617","Scienze Delle Produzioni","Molise",0,"MOLISE"
"618","Scienze Gastronomiche","Molise",0,"MOLISE"
"619","Service Design","Molise",0,"MOLISE"
"620","Servizi E Applicazioni","Molise",0,"MOLISE"
"621","Soft Skills","Molise",0,"MOLISE"
"622","Sustainability","Molise",0,"MOLISE"
"623","Sustainable Development Goals","Molise",0,"MOLISE"
"624","Tecnologie Ingegneristiche","Molise",0,"MOLISE"
"625","Text Mining","Molise",0,"MOLISE"
"626","Things","Molise",0,"MOLISE"
"627","Trasformazione Digitale","Molise",0,"MOLISE"
"628","Agricoltura Di Precisione","Piemonte",1,"PIEMONTE"
"629","Analisi Delle Serie Storiche","Piemonte",0,"PIEMONTE"
"630","Analytics","Piemonte",0,"PIEMONTE"
"631","Artificial Intelligence","Piemonte",0,"PIEMONTE"
"632","Big Data","Piemonte",6,"PIEMONTE"
"633","Bioeconomia","Piemonte",1,"PIEMONTE"
"634","Blockchain","Piemonte",0,"PIEMONTE"
"635","Building Information Modeling","Piemonte",1,"PIEMONTE"
"636","Business Analytics","Piemonte",0,"PIEMONTE"
"637","Clinical Practice","Piemonte",0,"PIEMONTE"
"638","Cloud","Piemonte",1,"PIEMONTE"
"639","Cloud Computing","Piemonte",2,"PIEMONTE"
"640","Competenze Digitali","Piemonte",1,"PIEMONTE"
"641","Cybersecurity","Piemonte",2,"PIEMONTE"
"642","Data Analytics","Piemonte",3,"PIEMONTE"
"643","Data Management","Piemonte",0,"PIEMONTE"
"644","Data Science","Piemonte",4,"PIEMONTE"
"645","Deep Learning","Piemonte",2,"PIEMONTE"
"646","Digital Humanities","Piemonte",2,"PIEMONTE"
"647","Digital Marketing","Piemonte",0,"PIEMONTE"
"648","Digital Transformation","Piemonte",1,"PIEMONTE"
"649","Diritto Della Proprietà Intellettuale","Piemonte",0,"PIEMONTE"
"650","Economia Circolare","Piemonte",5,"PIEMONTE"
"651","Ethics","Piemonte",0,"PIEMONTE"
"652","Fake News","Piemonte",0,"PIEMONTE"
"653","Flipped Classroom","Piemonte",0,"PIEMONTE"
"654","Genealogia","Piemonte",0,"PIEMONTE"
"655","Giustizia Riparativa","Piemonte",0,"PIEMONTE"
"656","Giustizia Sociale","Piemonte",0,"PIEMONTE"
"657","Green","Piemonte",1,"PIEMONTE"
"658","Green Economy","Piemonte",1,"PIEMONTE"
"659","Industrial Engineering","Piemonte",0,"PIEMONTE"
"660","Internet Delle Cose","Piemonte",0,"PIEMONTE"
"661","Internet Of Things","Piemonte",2,"PIEMONTE"
"662","Machine Learning","Piemonte",6,"PIEMONTE"
"663","Malattie Rare","Piemonte",0,"PIEMONTE"
"664","Marketing Digitale","Piemonte",0,"PIEMONTE"
"665","Mobilità Elettrica","Piemonte",1,"PIEMONTE"
"666","Motori Elettrici","Piemonte",2,"PIEMONTE"
"667","Nutraceutica","Piemonte",0,"PIEMONTE"
"668","Obiettivi Di Sviluppo Sostenibile","Piemonte",0,"PIEMONTE"
"669","Posture","Piemonte",0,"PIEMONTE"
"670","Priority","Piemonte",0,"PIEMONTE"
"671","Python","Piemonte",0,"PIEMONTE"
"672","Rilevamento Topografico","Piemonte",0,"PIEMONTE"
"673","Scalabilità","Piemonte",0,"PIEMONTE"
"674","Scienze Delle Produzioni","Piemonte",0,"PIEMONTE"
"675","Scienze Gastronomiche","Piemonte",0,"PIEMONTE"
"676","Service Design","Piemonte",0,"PIEMONTE"
"677","Servizi E Applicazioni","Piemonte",0,"PIEMONTE"
"678","Soft Skills","Piemonte",7,"PIEMONTE"
"679","Sustainability","Piemonte",1,"PIEMONTE"
"680","Sustainable Development Goals","Piemonte",2,"PIEMONTE"
"681","Tecnologie Ingegneristiche","Piemonte",0,"PIEMONTE"
"682","Text Mining","Piemonte",0,"PIEMONTE"
"683","Things","Piemonte",3,"PIEMONTE"
"684","Trasformazione Digitale","Piemonte",2,"PIEMONTE"
"685","Agricoltura Di Precisione","Puglia",1,"PUGLIA"
"686","Analisi Delle Serie Storiche","Puglia",0,"PUGLIA"
"687","Analytics","Puglia",1,"PUGLIA"
"688","Artificial Intelligence","Puglia",3,"PUGLIA"
"689","Big Data","Puglia",13,"PUGLIA"
"690","Bioeconomia","Puglia",4,"PUGLIA"
"691","Blockchain","Puglia",1,"PUGLIA"
"692","Building Information Modeling","Puglia",0,"PUGLIA"
"693","Business Analytics","Puglia",2,"PUGLIA"
"694","Clinical Practice","Puglia",0,"PUGLIA"
"695","Cloud","Puglia",2,"PUGLIA"
"696","Cloud Computing","Puglia",0,"PUGLIA"
"697","Competenze Digitali","Puglia",3,"PUGLIA"
"698","Cybersecurity","Puglia",1,"PUGLIA"
"699","Data Analytics","Puglia",2,"PUGLIA"
"700","Data Management","Puglia",1,"PUGLIA"
"701","Data Science","Puglia",6,"PUGLIA"
"702","Deep Learning","Puglia",0,"PUGLIA"
"703","Digital Humanities","Puglia",1,"PUGLIA"
"704","Digital Marketing","Puglia",2,"PUGLIA"
"705","Digital Transformation","Puglia",1,"PUGLIA"
"706","Diritto Della Proprietà Intellettuale","Puglia",0,"PUGLIA"
"707","Economia Circolare","Puglia",7,"PUGLIA"
"708","Ethics","Puglia",0,"PUGLIA"
"709","Fake News","Puglia",0,"PUGLIA"
"710","Flipped Classroom","Puglia",0,"PUGLIA"
"711","Genealogia","Puglia",0,"PUGLIA"
"712","Giustizia Riparativa","Puglia",0,"PUGLIA"
"713","Giustizia Sociale","Puglia",1,"PUGLIA"
"714","Green","Puglia",7,"PUGLIA"
"715","Green Economy","Puglia",0,"PUGLIA"
"716","Industrial Engineering","Puglia",0,"PUGLIA"
"717","Internet Delle Cose","Puglia",1,"PUGLIA"
"718","Internet Of Things","Puglia",2,"PUGLIA"
"719","Machine Learning","Puglia",8,"PUGLIA"
"720","Malattie Rare","Puglia",1,"PUGLIA"
"721","Marketing Digitale","Puglia",2,"PUGLIA"
"722","Mobilità Elettrica","Puglia",1,"PUGLIA"
"723","Motori Elettrici","Puglia",0,"PUGLIA"
"724","Nutraceutica","Puglia",3,"PUGLIA"
"725","Obiettivi Di Sviluppo Sostenibile","Puglia",0,"PUGLIA"
"726","Posture","Puglia",0,"PUGLIA"
"727","Priority","Puglia",1,"PUGLIA"
"728","Python","Puglia",0,"PUGLIA"
"729","Rilevamento Topografico","Puglia",0,"PUGLIA"
"730","Scalabilità","Puglia",0,"PUGLIA"
"731","Scienze Delle Produzioni","Puglia",0,"PUGLIA"
"732","Scienze Gastronomiche","Puglia",0,"PUGLIA"
"733","Service Design","Puglia",0,"PUGLIA"
"734","Servizi E Applicazioni","Puglia",0,"PUGLIA"
"735","Soft Skills","Puglia",3,"PUGLIA"
"736","Sustainability","Puglia",2,"PUGLIA"
"737","Sustainable Development Goals","Puglia",1,"PUGLIA"
"738","Tecnologie Ingegneristiche","Puglia",0,"PUGLIA"
"739","Text Mining","Puglia",0,"PUGLIA"
"740","Things","Puglia",2,"PUGLIA"
"741","Trasformazione Digitale","Puglia",3,"PUGLIA"
"742","Agricoltura Di Precisione","Sardegna",0,"SARDEGNA"
"743","Analisi Delle Serie Storiche","Sardegna",0,"SARDEGNA"
"744","Analytics","Sardegna",0,"SARDEGNA"
"745","Artificial Intelligence","Sardegna",1,"SARDEGNA"
"746","Big Data","Sardegna",2,"SARDEGNA"
"747","Bioeconomia","Sardegna",0,"SARDEGNA"
"748","Blockchain","Sardegna",0,"SARDEGNA"
"749","Building Information Modeling","Sardegna",0,"SARDEGNA"
"750","Business Analytics","Sardegna",1,"SARDEGNA"
"751","Clinical Practice","Sardegna",0,"SARDEGNA"
"752","Cloud","Sardegna",3,"SARDEGNA"
"753","Cloud Computing","Sardegna",1,"SARDEGNA"
"754","Competenze Digitali","Sardegna",0,"SARDEGNA"
"755","Cybersecurity","Sardegna",2,"SARDEGNA"
"756","Data Analytics","Sardegna",1,"SARDEGNA"
"757","Data Management","Sardegna",0,"SARDEGNA"
"758","Data Science","Sardegna",1,"SARDEGNA"
"759","Deep Learning","Sardegna",0,"SARDEGNA"
"760","Digital Humanities","Sardegna",0,"SARDEGNA"
"761","Digital Marketing","Sardegna",1,"SARDEGNA"
"762","Digital Transformation","Sardegna",0,"SARDEGNA"
"763","Diritto Della Proprietà Intellettuale","Sardegna",0,"SARDEGNA"
"764","Economia Circolare","Sardegna",1,"SARDEGNA"
"765","Ethics","Sardegna",0,"SARDEGNA"
"766","Fake News","Sardegna",1,"SARDEGNA"
"767","Flipped Classroom","Sardegna",0,"SARDEGNA"
"768","Genealogia","Sardegna",0,"SARDEGNA"
"769","Giustizia Riparativa","Sardegna",0,"SARDEGNA"
"770","Giustizia Sociale","Sardegna",0,"SARDEGNA"
"771","Green","Sardegna",0,"SARDEGNA"
"772","Green Economy","Sardegna",0,"SARDEGNA"
"773","Industrial Engineering","Sardegna",0,"SARDEGNA"
"774","Internet Delle Cose","Sardegna",1,"SARDEGNA"
"775","Internet Of Things","Sardegna",2,"SARDEGNA"
"776","Machine Learning","Sardegna",3,"SARDEGNA"
"777","Malattie Rare","Sardegna",0,"SARDEGNA"
"778","Marketing Digitale","Sardegna",2,"SARDEGNA"
"779","Mobilità Elettrica","Sardegna",1,"SARDEGNA"
"780","Motori Elettrici","Sardegna",0,"SARDEGNA"
"781","Nutraceutica","Sardegna",1,"SARDEGNA"
"782","Obiettivi Di Sviluppo Sostenibile","Sardegna",0,"SARDEGNA"
"783","Posture","Sardegna",0,"SARDEGNA"
"784","Priority","Sardegna",0,"SARDEGNA"
"785","Python","Sardegna",0,"SARDEGNA"
"786","Rilevamento Topografico","Sardegna",0,"SARDEGNA"
"787","Scalabilità","Sardegna",0,"SARDEGNA"
"788","Scienze Delle Produzioni","Sardegna",0,"SARDEGNA"
"789","Scienze Gastronomiche","Sardegna",0,"SARDEGNA"
"790","Service Design","Sardegna",0,"SARDEGNA"
"791","Servizi E Applicazioni","Sardegna",1,"SARDEGNA"
"792","Soft Skills","Sardegna",2,"SARDEGNA"
"793","Sustainability","Sardegna",0,"SARDEGNA"
"794","Sustainable Development Goals","Sardegna",0,"SARDEGNA"
"795","Tecnologie Ingegneristiche","Sardegna",0,"SARDEGNA"
"796","Text Mining","Sardegna",0,"SARDEGNA"
"797","Things","Sardegna",1,"SARDEGNA"
"798","Trasformazione Digitale","Sardegna",0,"SARDEGNA"
"799","Agricoltura Di Precisione","Sicilia",2,"SICILIA"
"800","Analisi Delle Serie Storiche","Sicilia",0,"SICILIA"
"801","Analytics","Sicilia",0,"SICILIA"
"802","Artificial Intelligence","Sicilia",1,"SICILIA"
"803","Big Data","Sicilia",8,"SICILIA"
"804","Bioeconomia","Sicilia",2,"SICILIA"
"805","Blockchain","Sicilia",0,"SICILIA"
"806","Building Information Modeling","Sicilia",0,"SICILIA"
"807","Business Analytics","Sicilia",0,"SICILIA"
"808","Clinical Practice","Sicilia",0,"SICILIA"
"809","Cloud","Sicilia",3,"SICILIA"
"810","Cloud Computing","Sicilia",1,"SICILIA"
"811","Competenze Digitali","Sicilia",4,"SICILIA"
"812","Cybersecurity","Sicilia",2,"SICILIA"
"813","Data Analytics","Sicilia",0,"SICILIA"
"814","Data Management","Sicilia",0,"SICILIA"
"815","Data Science","Sicilia",3,"SICILIA"
"816","Deep Learning","Sicilia",2,"SICILIA"
"817","Digital Humanities","Sicilia",0,"SICILIA"
"818","Digital Marketing","Sicilia",1,"SICILIA"
"819","Digital Transformation","Sicilia",4,"SICILIA"
"820","Diritto Della Proprietà Intellettuale","Sicilia",1,"SICILIA"
"821","Economia Circolare","Sicilia",6,"SICILIA"
"822","Ethics","Sicilia",1,"SICILIA"
"823","Fake News","Sicilia",1,"SICILIA"
"824","Flipped Classroom","Sicilia",0,"SICILIA"
"825","Genealogia","Sicilia",0,"SICILIA"
"826","Giustizia Riparativa","Sicilia",0,"SICILIA"
"827","Giustizia Sociale","Sicilia",0,"SICILIA"
"828","Green","Sicilia",3,"SICILIA"
"829","Green Economy","Sicilia",1,"SICILIA"
"830","Industrial Engineering","Sicilia",0,"SICILIA"
"831","Internet Delle Cose","Sicilia",3,"SICILIA"
"832","Internet Of Things","Sicilia",6,"SICILIA"
"833","Machine Learning","Sicilia",10,"SICILIA"
"834","Malattie Rare","Sicilia",2,"SICILIA"
"835","Marketing Digitale","Sicilia",0,"SICILIA"
"836","Mobilità Elettrica","Sicilia",2,"SICILIA"
"837","Motori Elettrici","Sicilia",0,"SICILIA"
"838","Nutraceutica","Sicilia",3,"SICILIA"
"839","Obiettivi Di Sviluppo Sostenibile","Sicilia",1,"SICILIA"
"840","Posture","Sicilia",0,"SICILIA"
"841","Priority","Sicilia",0,"SICILIA"
"842","Python","Sicilia",0,"SICILIA"
"843","Rilevamento Topografico","Sicilia",0,"SICILIA"
"844","Scalabilità","Sicilia",0,"SICILIA"
"845","Scienze Delle Produzioni","Sicilia",0,"SICILIA"
"846","Scienze Gastronomiche","Sicilia",0,"SICILIA"
"847","Service Design","Sicilia",0,"SICILIA"
"848","Servizi E Applicazioni","Sicilia",0,"SICILIA"
"849","Soft Skills","Sicilia",4,"SICILIA"
"850","Sustainability","Sicilia",1,"SICILIA"
"851","Sustainable Development Goals","Sicilia",1,"SICILIA"
"852","Tecnologie Ingegneristiche","Sicilia",0,"SICILIA"
"853","Text Mining","Sicilia",0,"SICILIA"
"854","Things","Sicilia",2,"SICILIA"
"855","Trasformazione Digitale","Sicilia",2,"SICILIA"
"856","Agricoltura Di Precisione","Toscana",1,"TOSCANA"
"857","Analisi Delle Serie Storiche","Toscana",0,"TOSCANA"
"858","Analytics","Toscana",1,"TOSCANA"
"859","Artificial Intelligence","Toscana",4,"TOSCANA"
"860","Big Data","Toscana",3,"TOSCANA"
"861","Bioeconomia","Toscana",3,"TOSCANA"
"862","Blockchain","Toscana",0,"TOSCANA"
"863","Building Information Modeling","Toscana",0,"TOSCANA"
"864","Business Analytics","Toscana",0,"TOSCANA"
"865","Clinical Practice","Toscana",0,"TOSCANA"
"866","Cloud","Toscana",0,"TOSCANA"
"867","Cloud Computing","Toscana",0,"TOSCANA"
"868","Competenze Digitali","Toscana",1,"TOSCANA"
"869","Cybersecurity","Toscana",2,"TOSCANA"
"870","Data Analytics","Toscana",3,"TOSCANA"
"871","Data Management","Toscana",0,"TOSCANA"
"872","Data Science","Toscana",3,"TOSCANA"
"873","Deep Learning","Toscana",1,"TOSCANA"
"874","Digital Humanities","Toscana",1,"TOSCANA"
"875","Digital Marketing","Toscana",0,"TOSCANA"
"876","Digital Transformation","Toscana",1,"TOSCANA"
"877","Diritto Della Proprietà Intellettuale","Toscana",0,"TOSCANA"
"878","Economia Circolare","Toscana",8,"TOSCANA"
"879","Ethics","Toscana",1,"TOSCANA"
"880","Fake News","Toscana",1,"TOSCANA"
"881","Flipped Classroom","Toscana",0,"TOSCANA"
"882","Genealogia","Toscana",0,"TOSCANA"
"883","Giustizia Riparativa","Toscana",0,"TOSCANA"
"884","Giustizia Sociale","Toscana",1,"TOSCANA"
"885","Green","Toscana",1,"TOSCANA"
"886","Green Economy","Toscana",2,"TOSCANA"
"887","Industrial Engineering","Toscana",0,"TOSCANA"
"888","Internet Delle Cose","Toscana",1,"TOSCANA"
"889","Internet Of Things","Toscana",1,"TOSCANA"
"890","Machine Learning","Toscana",1,"TOSCANA"
"891","Malattie Rare","Toscana",0,"TOSCANA"
"892","Marketing Digitale","Toscana",0,"TOSCANA"
"893","Mobilità Elettrica","Toscana",0,"TOSCANA"
"894","Motori Elettrici","Toscana",0,"TOSCANA"
"895","Nutraceutica","Toscana",2,"TOSCANA"
"896","Obiettivi Di Sviluppo Sostenibile","Toscana",2,"TOSCANA"
"897","Posture","Toscana",0,"TOSCANA"
"898","Priority","Toscana",0,"TOSCANA"
"899","Python","Toscana",0,"TOSCANA"
"900","Rilevamento Topografico","Toscana",0,"TOSCANA"
"901","Scalabilità","Toscana",0,"TOSCANA"
"902","Scienze Delle Produzioni","Toscana",0,"TOSCANA"
"903","Scienze Gastronomiche","Toscana",0,"TOSCANA"
"904","Service Design","Toscana",0,"TOSCANA"
"905","Servizi E Applicazioni","Toscana",0,"TOSCANA"
"906","Soft Skills","Toscana",13,"TOSCANA"
"907","Sustainability","Toscana",1,"TOSCANA"
"908","Sustainable Development Goals","Toscana",1,"TOSCANA"
"909","Tecnologie Ingegneristiche","Toscana",0,"TOSCANA"
"910","Text Mining","Toscana",1,"TOSCANA"
"911","Things","Toscana",0,"TOSCANA"
"912","Trasformazione Digitale","Toscana",2,"TOSCANA"
"913","Agricoltura Di Precisione","Trentino-Alto Adige",0,"TRENTINO-ALTO ADIGE"
"914","Analisi Delle Serie Storiche","Trentino-Alto Adige",0,"TRENTINO-ALTO ADIGE"
"915","Analytics","Trentino-Alto Adige",0,"TRENTINO-ALTO ADIGE"
"916","Artificial Intelligence","Trentino-Alto Adige",1,"TRENTINO-ALTO ADIGE"
"917","Big Data","Trentino-Alto Adige",1,"TRENTINO-ALTO ADIGE"
"918","Bioeconomia","Trentino-Alto Adige",0,"TRENTINO-ALTO ADIGE"
"919","Blockchain","Trentino-Alto Adige",0,"TRENTINO-ALTO ADIGE"
"920","Building Information Modeling","Trentino-Alto Adige",0,"TRENTINO-ALTO ADIGE"
"921","Business Analytics","Trentino-Alto Adige",0,"TRENTINO-ALTO ADIGE"
"922","Clinical Practice","Trentino-Alto Adige",0,"TRENTINO-ALTO ADIGE"
"923","Cloud","Trentino-Alto Adige",0,"TRENTINO-ALTO ADIGE"
"924","Cloud Computing","Trentino-Alto Adige",0,"TRENTINO-ALTO ADIGE"
"925","Competenze Digitali","Trentino-Alto Adige",0,"TRENTINO-ALTO ADIGE"
"926","Cybersecurity","Trentino-Alto Adige",0,"TRENTINO-ALTO ADIGE"
"927","Data Analytics","Trentino-Alto Adige",1,"TRENTINO-ALTO ADIGE"
"928","Data Management","Trentino-Alto Adige",0,"TRENTINO-ALTO ADIGE"
"929","Data Science","Trentino-Alto Adige",3,"TRENTINO-ALTO ADIGE"
"930","Deep Learning","Trentino-Alto Adige",0,"TRENTINO-ALTO ADIGE"
"931","Digital Humanities","Trentino-Alto Adige",0,"TRENTINO-ALTO ADIGE"
"932","Digital Marketing","Trentino-Alto Adige",0,"TRENTINO-ALTO ADIGE"
"933","Digital Transformation","Trentino-Alto Adige",0,"TRENTINO-ALTO ADIGE"
"934","Diritto Della Proprietà Intellettuale","Trentino-Alto Adige",0,"TRENTINO-ALTO ADIGE"
"935","Economia Circolare","Trentino-Alto Adige",3,"TRENTINO-ALTO ADIGE"
"936","Ethics","Trentino-Alto Adige",0,"TRENTINO-ALTO ADIGE"
"937","Fake News","Trentino-Alto Adige",0,"TRENTINO-ALTO ADIGE"
"938","Flipped Classroom","Trentino-Alto Adige",0,"TRENTINO-ALTO ADIGE"
"939","Genealogia","Trentino-Alto Adige",0,"TRENTINO-ALTO ADIGE"
"940","Giustizia Riparativa","Trentino-Alto Adige",0,"TRENTINO-ALTO ADIGE"
"941","Giustizia Sociale","Trentino-Alto Adige",1,"TRENTINO-ALTO ADIGE"
"942","Green","Trentino-Alto Adige",0,"TRENTINO-ALTO ADIGE"
"943","Green Economy","Trentino-Alto Adige",0,"TRENTINO-ALTO ADIGE"
"944","Industrial Engineering","Trentino-Alto Adige",0,"TRENTINO-ALTO ADIGE"
"945","Internet Delle Cose","Trentino-Alto Adige",0,"TRENTINO-ALTO ADIGE"
"946","Internet Of Things","Trentino-Alto Adige",0,"TRENTINO-ALTO ADIGE"
"947","Machine Learning","Trentino-Alto Adige",3,"TRENTINO-ALTO ADIGE"
"948","Malattie Rare","Trentino-Alto Adige",0,"TRENTINO-ALTO ADIGE"
"949","Marketing Digitale","Trentino-Alto Adige",0,"TRENTINO-ALTO ADIGE"
"950","Mobilità Elettrica","Trentino-Alto Adige",0,"TRENTINO-ALTO ADIGE"
"951","Motori Elettrici","Trentino-Alto Adige",0,"TRENTINO-ALTO ADIGE"
"952","Nutraceutica","Trentino-Alto Adige",0,"TRENTINO-ALTO ADIGE"
"953","Obiettivi Di Sviluppo Sostenibile","Trentino-Alto Adige",0,"TRENTINO-ALTO ADIGE"
"954","Posture","Trentino-Alto Adige",0,"TRENTINO-ALTO ADIGE"
"955","Priority","Trentino-Alto Adige",0,"TRENTINO-ALTO ADIGE"
"956","Python","Trentino-Alto Adige",0,"TRENTINO-ALTO ADIGE"
"957","Rilevamento Topografico","Trentino-Alto Adige",0,"TRENTINO-ALTO ADIGE"
"958","Scalabilità","Trentino-Alto Adige",0,"TRENTINO-ALTO ADIGE"
"959","Scienze Delle Produzioni","Trentino-Alto Adige",0,"TRENTINO-ALTO ADIGE"
"960","Scienze Gastronomiche","Trentino-Alto Adige",0,"TRENTINO-ALTO ADIGE"
"961","Service Design","Trentino-Alto Adige",1,"TRENTINO-ALTO ADIGE"
"962","Servizi E Applicazioni","Trentino-Alto Adige",0,"TRENTINO-ALTO ADIGE"
"963","Soft Skills","Trentino-Alto Adige",2,"TRENTINO-ALTO ADIGE"
"964","Sustainability","Trentino-Alto Adige",0,"TRENTINO-ALTO ADIGE"
"965","Sustainable Development Goals","Trentino-Alto Adige",0,"TRENTINO-ALTO ADIGE"
"966","Tecnologie Ingegneristiche","Trentino-Alto Adige",0,"TRENTINO-ALTO ADIGE"
"967","Text Mining","Trentino-Alto Adige",0,"TRENTINO-ALTO ADIGE"
"968","Things","Trentino-Alto Adige",0,"TRENTINO-ALTO ADIGE"
"969","Trasformazione Digitale","Trentino-Alto Adige",2,"TRENTINO-ALTO ADIGE"
"970","Agricoltura Di Precisione","Umbria",0,"UMBRIA"
"971","Analisi Delle Serie Storiche","Umbria",0,"UMBRIA"
"972","Analytics","Umbria",0,"UMBRIA"
"973","Artificial Intelligence","Umbria",0,"UMBRIA"
"974","Big Data","Umbria",1,"UMBRIA"
"975","Bioeconomia","Umbria",1,"UMBRIA"
"976","Blockchain","Umbria",0,"UMBRIA"
"977","Building Information Modeling","Umbria",0,"UMBRIA"
"978","Business Analytics","Umbria",1,"UMBRIA"
"979","Clinical Practice","Umbria",0,"UMBRIA"
"980","Cloud","Umbria",0,"UMBRIA"
"981","Cloud Computing","Umbria",0,"UMBRIA"
"982","Competenze Digitali","Umbria",1,"UMBRIA"
"983","Cybersecurity","Umbria",0,"UMBRIA"
"984","Data Analytics","Umbria",0,"UMBRIA"
"985","Data Management","Umbria",0,"UMBRIA"
"986","Data Science","Umbria",1,"UMBRIA"
"987","Deep Learning","Umbria",0,"UMBRIA"
"988","Digital Humanities","Umbria",1,"UMBRIA"
"989","Digital Marketing","Umbria",0,"UMBRIA"
"990","Digital Transformation","Umbria",0,"UMBRIA"
"991","Diritto Della Proprietà Intellettuale","Umbria",0,"UMBRIA"
"992","Economia Circolare","Umbria",2,"UMBRIA"
"993","Ethics","Umbria",0,"UMBRIA"
"994","Fake News","Umbria",0,"UMBRIA"
"995","Flipped Classroom","Umbria",0,"UMBRIA"
"996","Genealogia","Umbria",0,"UMBRIA"
"997","Giustizia Riparativa","Umbria",0,"UMBRIA"
"998","Giustizia Sociale","Umbria",0,"UMBRIA"
"999","Green","Umbria",2,"UMBRIA"
"1000","Green Economy","Umbria",0,"UMBRIA"
"1001","Industrial Engineering","Umbria",0,"UMBRIA"
"1002","Internet Delle Cose","Umbria",0,"UMBRIA"
"1003","Internet Of Things","Umbria",0,"UMBRIA"
"1004","Machine Learning","Umbria",1,"UMBRIA"
"1005","Malattie Rare","Umbria",0,"UMBRIA"
"1006","Marketing Digitale","Umbria",0,"UMBRIA"
"1007","Mobilità Elettrica","Umbria",0,"UMBRIA"
"1008","Motori Elettrici","Umbria",0,"UMBRIA"
"1009","Nutraceutica","Umbria",0,"UMBRIA"
"1010","Obiettivi Di Sviluppo Sostenibile","Umbria",0,"UMBRIA"
"1011","Posture","Umbria",0,"UMBRIA"
"1012","Priority","Umbria",0,"UMBRIA"
"1013","Python","Umbria",0,"UMBRIA"
"1014","Rilevamento Topografico","Umbria",1,"UMBRIA"
"1015","Scalabilità","Umbria",0,"UMBRIA"
"1016","Scienze Delle Produzioni","Umbria",1,"UMBRIA"
"1017","Scienze Gastronomiche","Umbria",1,"UMBRIA"
"1018","Service Design","Umbria",0,"UMBRIA"
"1019","Servizi E Applicazioni","Umbria",0,"UMBRIA"
"1020","Soft Skills","Umbria",1,"UMBRIA"
"1021","Sustainability","Umbria",0,"UMBRIA"
"1022","Sustainable Development Goals","Umbria",0,"UMBRIA"
"1023","Tecnologie Ingegneristiche","Umbria",0,"UMBRIA"
"1024","Text Mining","Umbria",0,"UMBRIA"
"1025","Things","Umbria",1,"UMBRIA"
"1026","Trasformazione Digitale","Umbria",0,"UMBRIA"
"1027","Agricoltura Di Precisione","Valle D'Aosta",0,"VALLE D'AOSTA"
"1028","Analisi Delle Serie Storiche","Valle D'Aosta",0,"VALLE D'AOSTA"
"1029","Analytics","Valle D'Aosta",0,"VALLE D'AOSTA"
"1030","Artificial Intelligence","Valle D'Aosta",0,"VALLE D'AOSTA"
"1031","Big Data","Valle D'Aosta",0,"VALLE D'AOSTA"
"1032","Bioeconomia","Valle D'Aosta",0,"VALLE D'AOSTA"
"1033","Blockchain","Valle D'Aosta",0,"VALLE D'AOSTA"
"1034","Building Information Modeling","Valle D'Aosta",0,"VALLE D'AOSTA"
"1035","Business Analytics","Valle D'Aosta",0,"VALLE D'AOSTA"
"1036","Clinical Practice","Valle D'Aosta",0,"VALLE D'AOSTA"
"1037","Cloud","Valle D'Aosta",0,"VALLE D'AOSTA"
"1038","Cloud Computing","Valle D'Aosta",0,"VALLE D'AOSTA"
"1039","Competenze Digitali","Valle D'Aosta",0,"VALLE D'AOSTA"
"1040","Cybersecurity","Valle D'Aosta",0,"VALLE D'AOSTA"
"1041","Data Analytics","Valle D'Aosta",0,"VALLE D'AOSTA"
"1042","Data Management","Valle D'Aosta",0,"VALLE D'AOSTA"
"1043","Data Science","Valle D'Aosta",0,"VALLE D'AOSTA"
"1044","Deep Learning","Valle D'Aosta",0,"VALLE D'AOSTA"
"1045","Digital Humanities","Valle D'Aosta",0,"VALLE D'AOSTA"
"1046","Digital Marketing","Valle D'Aosta",0,"VALLE D'AOSTA"
"1047","Digital Transformation","Valle D'Aosta",0,"VALLE D'AOSTA"
"1048","Diritto Della Proprietà Intellettuale","Valle D'Aosta",0,"VALLE D'AOSTA"
"1049","Economia Circolare","Valle D'Aosta",0,"VALLE D'AOSTA"
"1050","Ethics","Valle D'Aosta",0,"VALLE D'AOSTA"
"1051","Fake News","Valle D'Aosta",0,"VALLE D'AOSTA"
"1052","Flipped Classroom","Valle D'Aosta",0,"VALLE D'AOSTA"
"1053","Genealogia","Valle D'Aosta",0,"VALLE D'AOSTA"
"1054","Giustizia Riparativa","Valle D'Aosta",0,"VALLE D'AOSTA"
"1055","Giustizia Sociale","Valle D'Aosta",0,"VALLE D'AOSTA"
"1056","Green","Valle D'Aosta",0,"VALLE D'AOSTA"
"1057","Green Economy","Valle D'Aosta",1,"VALLE D'AOSTA"
"1058","Industrial Engineering","Valle D'Aosta",0,"VALLE D'AOSTA"
"1059","Internet Delle Cose","Valle D'Aosta",0,"VALLE D'AOSTA"
"1060","Internet Of Things","Valle D'Aosta",0,"VALLE D'AOSTA"
"1061","Machine Learning","Valle D'Aosta",0,"VALLE D'AOSTA"
"1062","Malattie Rare","Valle D'Aosta",0,"VALLE D'AOSTA"
"1063","Marketing Digitale","Valle D'Aosta",0,"VALLE D'AOSTA"
"1064","Mobilità Elettrica","Valle D'Aosta",0,"VALLE D'AOSTA"
"1065","Motori Elettrici","Valle D'Aosta",0,"VALLE D'AOSTA"
"1066","Nutraceutica","Valle D'Aosta",0,"VALLE D'AOSTA"
"1067","Obiettivi Di Sviluppo Sostenibile","Valle D'Aosta",0,"VALLE D'AOSTA"
"1068","Posture","Valle D'Aosta",0,"VALLE D'AOSTA"
"1069","Priority","Valle D'Aosta",0,"VALLE D'AOSTA"
"1070","Python","Valle D'Aosta",0,"VALLE D'AOSTA"
"1071","Rilevamento Topografico","Valle D'Aosta",0,"VALLE D'AOSTA"
"1072","Scalabilità","Valle D'Aosta",0,"VALLE D'AOSTA"
"1073","Scienze Delle Produzioni","Valle D'Aosta",0,"VALLE D'AOSTA"
"1074","Scienze Gastronomiche","Valle D'Aosta",0,"VALLE D'AOSTA"
"1075","Service Design","Valle D'Aosta",0,"VALLE D'AOSTA"
"1076","Servizi E Applicazioni","Valle D'Aosta",0,"VALLE D'AOSTA"
"1077","Soft Skills","Valle D'Aosta",0,"VALLE D'AOSTA"
"1078","Sustainability","Valle D'Aosta",0,"VALLE D'AOSTA"
"1079","Sustainable Development Goals","Valle D'Aosta",0,"VALLE D'AOSTA"
"1080","Tecnologie Ingegneristiche","Valle D'Aosta",0,"VALLE D'AOSTA"
"1081","Text Mining","Valle D'Aosta",0,"VALLE D'AOSTA"
"1082","Things","Valle D'Aosta",0,"VALLE D'AOSTA"
"1083","Trasformazione Digitale","Valle D'Aosta",0,"VALLE D'AOSTA"
"1084","Agricoltura Di Precisione","Veneto",0,"VENETO"
"1085","Analisi Delle Serie Storiche","Veneto",1,"VENETO"
"1086","Analytics","Veneto",0,"VENETO"
"1087","Artificial Intelligence","Veneto",1,"VENETO"
"1088","Big Data","Veneto",2,"VENETO"
"1089","Bioeconomia","Veneto",0,"VENETO"
"1090","Blockchain","Veneto",0,"VENETO"
"1091","Building Information Modeling","Veneto",0,"VENETO"
"1092","Business Analytics","Veneto",0,"VENETO"
"1093","Clinical Practice","Veneto",0,"VENETO"
"1094","Cloud","Veneto",1,"VENETO"
"1095","Cloud Computing","Veneto",0,"VENETO"
"1096","Competenze Digitali","Veneto",0,"VENETO"
"1097","Cybersecurity","Veneto",0,"VENETO"
"1098","Data Analytics","Veneto",1,"VENETO"
"1099","Data Management","Veneto",0,"VENETO"
"1100","Data Science","Veneto",2,"VENETO"
"1101","Deep Learning","Veneto",1,"VENETO"
"1102","Digital Humanities","Veneto",2,"VENETO"
"1103","Digital Marketing","Veneto",0,"VENETO"
"1104","Digital Transformation","Veneto",0,"VENETO"
"1105","Diritto Della Proprietà Intellettuale","Veneto",1,"VENETO"
"1106","Economia Circolare","Veneto",2,"VENETO"
"1107","Ethics","Veneto",0,"VENETO"
"1108","Fake News","Veneto",1,"VENETO"
"1109","Flipped Classroom","Veneto",2,"VENETO"
"1110","Genealogia","Veneto",2,"VENETO"
"1111","Giustizia Riparativa","Veneto",0,"VENETO"
"1112","Giustizia Sociale","Veneto",0,"VENETO"
"1113","Green","Veneto",3,"VENETO"
"1114","Green Economy","Veneto",0,"VENETO"
"1115","Industrial Engineering","Veneto",0,"VENETO"
"1116","Internet Delle Cose","Veneto",0,"VENETO"
"1117","Internet Of Things","Veneto",0,"VENETO"
"1118","Machine Learning","Veneto",2,"VENETO"
"1119","Malattie Rare","Veneto",0,"VENETO"
"1120","Marketing Digitale","Veneto",1,"VENETO"
"1121","Mobilità Elettrica","Veneto",0,"VENETO"
"1122","Motori Elettrici","Veneto",0,"VENETO"
"1123","Nutraceutica","Veneto",0,"VENETO"
"1124","Obiettivi Di Sviluppo Sostenibile","Veneto",0,"VENETO"
"1125","Posture","Veneto",0,"VENETO"
"1126","Priority","Veneto",0,"VENETO"
"1127","Python","Veneto",0,"VENETO"
"1128","Rilevamento Topografico","Veneto",0,"VENETO"
"1129","Scalabilità","Veneto",0,"VENETO"
"1130","Scienze Delle Produzioni","Veneto",0,"VENETO"
"1131","Scienze Gastronomiche","Veneto",0,"VENETO"
"1132","Service Design","Veneto",0,"VENETO"
"1133","Servizi E Applicazioni","Veneto",0,"VENETO"
"1134","Soft Skills","Veneto",3,"VENETO"
"1135","Sustainability","Veneto",0,"VENETO"
"1136","Sustainable Development Goals","Veneto",1,"VENETO"
"1137","Tecnologie Ingegneristiche","Veneto",0,"VENETO"
"1138","Text Mining","Veneto",0,"VENETO"
"1139","Things","Veneto",0,"VENETO"
"1140","Trasformazione Digitale","Veneto",1,"VENETO"
